ticker,cross_date,cross_price,pct_below,recovered,weeks_below,episode_return,max_drawdown,final_price,final_return,weeks_elapsed
AAL,2016-05-21,30.416385650634766,-0.08046914177489706,True,2.0,4.707760344833423,-2.6540254165280275,,,
AAL,2016-06-11,28.196426391601562,-8.282939718308969,True,4.0,22.324435393837593,-7.805041287831848,,,
AAL,2018-04-28,41.85452651977539,-1.079429361588069,True,2.0,1.4499568124537676,-0.606639881304194,,,
AAL,2018-06-02,42.19710922241211,-0.5142131801817662,True,15.0,1.4005598948951814,-13.894684903856259,,,
AAL,2018-09-22,40.56037902832031,-4.659130253573462,True,248.0,-55.76964277988763,-77.7122399286726,,,
AAL,2023-07-15,17.420000076293945,-0.5503705414584004,True,72.0,-0.11481318987415223,-44.718713706861976,,,
AAL,2025-02-15,15.229999542236328,-1.84515958269732,True,40.0,-7.747862028682617,-37.88574968822426,,,
AAL,2026-01-24,13.300000190734863,-3.579867941840442,True,1.0,14.586462801216783,0.0,,,
AAL,2026-02-14,13.59000015258789,-1.0088491869385208,False,,,-17.7336263454948,11.180000305175781,-17.7336263454948,2.0
AAP,2017-04-08,123.6076889038086,-0.6504881870338819,True,1.0,4.2231441803531,0.0,,,
AAP,2017-04-22,124.7043228149414,-0.22000999297034918,True,1.0,1.9980489738758989,0.0,,,
AAP,2017-05-20,117.70319366455078,-6.633495725134386,True,62.0,8.130769329992038,-39.39254814409481,,,
AAP,2019-08-10,120.33634948730469,-4.869016252997471,True,3.0,7.775130310385148,-1.127433520369281,,,
AAP,2020-01-18,124.91683197021484,-1.1662825756272532,True,19.0,3.4110646982590254,-47.042645989009166,,,
AAP,2020-06-06,120.00890350341797,-2.6323931262477895,True,1.0,6.756071450844892,0.0,,,
AAP,2020-07-04,119.0774154663086,-3.183400361614064,True,1.0,7.74267725929132,0.0,,,
AAP,2022-06-11,152.52903747558594,-0.05030501872547166,True,1.0,10.069793919514748,0.0,,,
AAP,2022-09-10,152.94259643554688,-0.7442837664392132,True,4.0,1.9605724532751223,-5.436811587783041,,,
AAP,2022-11-12,136.4496612548828,-11.756392647150705,False,,,-77.70811748346215,50.33000183105469,-63.11460111502941,172.0
AIV,2020-03-14,1.3734655380249023,-34.166412394841814,True,34.0,50.904312160329624,-6.525090908585918,,,
AIV,2020-11-14,2.042618989944458,-1.2637704993014531,True,2.0,8.723755787222798,0.0,,,
AIV,2023-10-14,3.167245864868164,-0.26203264148580985,True,4.0,3.0063250166059596,-8.70253602874712,,,
AIV,2025-10-11,2.9692928791046143,-25.665395330854444,True,1.0,44.73143298718006,0.0,,,
AIV,2025-10-25,3.9900002479553223,-0.18334144145260023,True,1.0,1.1278094401083516,0.0,,,
AIV,2026-02-21,3.307499885559082,-18.567199147746262,True,1.0,30.612254607263488,0.0,,,
ALK,2017-10-21,63.21298599243164,-0.6930783122237938,True,6.0,5.221567560733709,-6.248119822061615,,,
ALK,2018-01-20,61.554256439208984,-5.972304844388021,True,44.0,15.805605562540936,-9.36957485148654,,,
ALK,2018-12-01,63.187774658203125,-8.331386007318098,True,46.0,12.06677301588912,-16.01981756423575,,,
ALK,2019-12-07,67.02987670898438,-1.1203856375863852,True,1.0,2.8630599129953804,0.0,,,
ALK,2019-12-28,66.54263305664062,-1.8043695459428188,True,59.0,-6.4058695629243045,-64.5941280293368,,,
ALK,2021-07-10,54.619998931884766,-5.177444631471539,True,1.0,6.645919331932104,0.0,,,
ALK,2021-08-14,54.349998474121094,-4.934247340018183,True,1.0,7.120520432810573,0.0,,,
ALK,2021-08-28,57.11000061035156,-0.033929019785350345,True,3.0,6.44370559594909,-1.7860277479646691,,,
ALK,2021-10-16,53.810001373291016,-5.43168644390285,True,2.0,10.295478460217788,-1.8769784620964347,,,
ALK,2021-11-06,55.650001525878906,-1.8291389383968126,True,13.0,2.138362253513315,-12.722374909122468,,,
ALK,2022-02-26,49.13999938964844,-12.257802983874978,True,3.0,16.890515547725006,-0.6512000382556504,,,
ALK,2022-04-02,52.290000915527344,-6.465317948701143,True,1.0,9.217822930641661,0.0,,,
ALK,2022-04-23,54.38999938964844,-2.6085594217589714,True,40.0,-1.6914840582263557,-28.019852978101014,,,
ALK,2023-02-04,49.58000183105469,-5.547251999933655,True,20.0,7.260988989851591,-23.093990197813362,,,
ALK,2023-07-22,48.119998931884766,-5.085912926999869,True,66.0,2.3067344866794404,-35.058186422166656,,,
ALK,2025-03-29,44.45000076293945,-6.944610116990491,True,5.0,17.052863636117888,-5.714287675884789,,,
ALK,2025-06-14,46.97999954223633,-0.4097667430400631,True,1.0,5.087269929621341,0.0,,,
ALK,2025-10-18,43.77000045776367,-6.89581365715336,True,6.0,13.433861107196488,-9.687003961899043,,,
ALK,2026-02-28,42.29999923706055,-8.995662357496814,False,,,0.0,,,0.0
AMG,2015-11-07,162.18411254882812,-2.4584182034799507,True,1.0,4.614109571848379,0.0,,,
AMG,2015-12-05,147.88543701171875,-11.735404444433929,True,19.0,16.358991396868696,-18.551964440115476,,,
AMG,2016-04-23,164.88516235351562,-3.912799746744633,True,66.0,6.331940083920706,-22.32857859131583,,,
AMG,2017-08-05,170.07476806640625,-2.4694835367898738,True,5.0,2.7617122524452586,-1.2546002967875558,,,
AMG,2018-03-31,171.89439392089844,-0.9814451191873741,True,149.0,-14.069790242951097,-71.67664231069098,,,
AMG,2023-10-07,125.25090789794922,-0.6384506318955041,True,3.0,2.1225765883629455,-2.178409341551779,,,
AMG,2025-03-29,148.77406311035156,-2.6658781131479903,True,1.0,6.068549137712731,0.0,,,
BBWI,2016-10-29,38.60762405395508,-0.8413172057188945,True,1.0,6.41542920159035,0.0,,,
BBWI,2016-12-24,39.45106506347656,-0.5728143849146106,True,195.0,-44.328225290228254,-82.04846492797233,,,
BBWI,2022-06-18,28.154630661010742,-4.626285982983713,True,4.0,8.142171994226732,-11.114707642738853,,,
BBWI,2022-09-24,29.80318260192871,-1.709471265837037,True,1.0,8.926353549731147,0.0,,,
BBWI,2022-10-08,29.839750289916992,-1.912763650727256,True,1.0,3.278174232769948,0.0,,,
BBWI,2022-10-29,29.227231979370117,-4.523473903831632,True,1.0,12.605570781637354,0.0,,,
BBWI,2023-03-11,31.825611114501953,-2.285090510504517,True,1.0,3.427240406894816,0.0,,,
BBWI,2023-04-15,32.93484115600586,-0.1883235749143619,True,4.0,3.9292324203690443,-7.381442957462703,,,
BBWI,2023-07-08,32.713783264160156,-4.098744870961967,True,3.0,7.956787778335173,0.0,,,
BBWI,2023-08-05,34.38711929321289,-0.43455348474154,True,3.0,3.6893065377674006,-5.307088887007938,,,
BBWI,2023-09-02,34.1136360168457,-2.46342827292122,True,14.0,13.68592318749906,-22.493143837672914,,,
BBWI,2024-06-15,39.76396179199219,-1.231930598888642,False,,,-63.432248478590125,20.799999237060547,-47.69133079378089,89.0
BHF,2022-07-11,40.08000183105469,-0.40880890222402266,True,1.0,3.8922092997137447,0.0,,,
BHF,2023-03-13,40.66999816894531,-4.1580081297006295,True,2.0,8.458329472050385,0.0,,,
BHF,2023-04-03,41.97999954223633,-1.2601804167281294,True,1.0,1.5007171867198021,0.0,,,
BHF,2023-05-08,39.86000061035156,-6.514601053169644,True,3.0,9.307574078433856,0.0,,,
BHF,2024-05-06,45.68000030517578,-1.4836219414714136,True,9.0,5.122592243771851,-10.223296743527921,,,
BHF,2024-07-29,45.91999816894531,-2.8832114862292646,True,11.0,7.033979716310124,-8.62369172991544,,,
BHF,2024-10-21,47.40999984741211,-1.1235442596384315,True,2.0,6.5387017171448125,0.0,,,
BHF,2024-12-16,47.9900016784668,-0.8203623857744646,True,4.0,5.355281527271516,-4.688476602011827,,,
BHF,2025-04-07,47.81999969482422,-2.48667213722481,True,1.0,5.918029797396662,0.0,,,
BHF,2025-07-07,48.790000915527344,-1.9308292845835795,True,1.0,4.201679029704919,0.0,,,
BHF,2025-07-28,46.18000030517578,-7.293183295867411,True,7.0,24.70766516243028,-6.106538926350236,,,
BHF,2025-10-06,47.279998779296875,-4.868165157813054,True,3.0,20.706432251039363,-1.56513934618282,,,
BIO,2014-11-01,110.5999984741211,-1.6421594316890498,True,2.0,6.320070488432328,0.0,,,
BIO,2022-06-11,463.6700134277344,-3.0377141996918544,True,1.0,9.526167669033537,0.0,,,
BIO,2022-08-27,478.32000732421875,-2.4262657434636847,True,1.0,6.493560186275138,0.0,,,
BIO,2022-09-10,448.5400085449219,-8.877883118961183,False,,,-51.081287290123626,269.8500061035156,-39.83814131120261,181.0
BWA,2015-08-08,34.689178466796875,-1.9839857127945448,True,102.0,4.085781586089499,-36.91133615437738,,,
BWA,2017-08-05,34.37468719482422,-4.2072530827406585,True,3.0,4.478301138660035,-1.1195725103144816,,,
BWA,2017-09-02,35.67257308959961,-0.4023956436972176,True,1.0,5.541135179291201,0.0,,,
BWA,2018-06-23,33.658382415771484,-3.545162494674936,True,2.0,4.4485519830749,0.0,,,
BWA,2018-07-14,34.58641052246094,-0.45567028414562616,True,1.0,3.2694432986052124,0.0,,,
BWA,2018-08-04,34.26666259765625,-1.15673001546307,True,1.0,3.049583648750942,0.0,,,
BWA,2018-08-25,34.134098052978516,-1.2398979808655675,True,2.0,2.9061418863486344,0.0,,,
BWA,2018-09-22,33.48995590209961,-2.6677277963252366,True,27.0,-0.6370632556006561,-20.718913621995473,,,
BWA,2019-05-04,30.379213333129883,-6.14121621943422,True,5.0,6.913062141684012,-7.796272813670124,,,
BWA,2019-07-06,31.702054977416992,-1.5080692204671897,True,16.0,9.776778266202513,-22.742051669913867,,,
BWA,2020-01-18,31.411108016967773,-3.45104553837956,True,29.0,7.6638280903741585,-47.465438039861276,,,
BWA,2020-09-12,31.69063377380371,-2.943686864108086,True,16.0,3.754211776706362,-10.307692094724663,,,
BWA,2021-01-09,31.501176834106445,-3.5908940008454793,True,1.0,10.880835791955157,0.0,,,
BWA,2022-02-26,30.58929443359375,-6.985798957273948,True,4.0,7.011622686686292,-1.2535105003242397,,,
BWA,2022-04-02,30.280704498291016,-7.359745361126402,True,7.0,9.118375692326875,0.0,,,
BWA,2022-06-04,31.32123374938965,-3.7185674523580237,True,9.0,6.719990753499094,-10.266666918371559,,,
BWA,2022-08-20,31.713796615600586,-2.0904251863708367,True,11.0,12.218386263489457,-16.93406145113271,,,
BWA,2023-10-28,32.236202239990234,-6.186429154932815,True,7.0,7.751043218961384,-2.9676314861783126,,,
BWA,2023-12-30,33.92052459716797,-1.9187314941938705,True,17.0,4.5175348529958415,-13.08946676260242,,,
BWA,2024-05-18,34.72322082519531,-1.9482240265859763,True,18.0,3.623186813621415,-11.972797754986441,,,
BWA,2024-09-28,34.39519119262695,-3.084603107088746,True,39.0,1.5758787812512054,-25.79112521908463,,,
CE,2020-02-22,84.16063690185547,-1.124879755607644,True,14.0,5.080824646456472,-30.947304181639858,,,
CE,2020-06-06,80.11066436767578,-7.192140591010787,True,7.0,10.533610342215184,-6.484398250901291,,,
CE,2022-06-25,108.95771026611328,-2.9478774095227367,True,28.0,6.2115051810741395,-22.911673688083823,,,
CE,2023-02-04,114.38031768798828,-0.13141114535772935,True,3.0,4.49057791068963,-1.2314987863239812,,,
CE,2023-03-04,104.7378158569336,-8.851105806496317,True,19.0,11.862222236790787,-7.021330917866475,,,
CE,2023-08-12,114.3583755493164,-1.4958672960870278,True,2.0,9.515716702600363,0.0,,,
CE,2023-10-07,116.05868530273438,-0.32869085921725105,True,3.0,1.8757374091213475,-4.981151776842085,,,
CE,2023-11-04,115.84082794189453,-0.6211196141654773,True,1.0,9.636296374305008,0.0,,,
CE,2024-08-03,125.42118072509766,-2.301817903964609,True,2.0,4.324120296571521,0.0,,,
CE,2024-08-31,119.01628112792969,-7.56244558955318,True,3.0,16.036331976085183,0.0,,,
CE,2024-10-19,127.77096557617188,-1.0599965956458957,False,,,-70.33108408117992,49.31999969482422,-61.39968147503618,71.0
CMA,2016-01-02,26.427032470703125,-3.18503797852161,True,15.0,13.526439123701884,-15.58973931851434,,,
CMA,2016-06-18,27.412071228027344,-2.633751757706959,True,2.0,3.6981189577937945,0.0,,,
CMA,2019-08-03,45.643218994140625,-6.223372230219026,True,12.0,9.078648428729696,-4.805995706177368,,,
CMA,2020-01-04,50.8642578125,-0.5173589237016163,True,53.0,-0.36728574685610527,-59.31341197081693,,,
CMA,2021-01-16,49.39024353027344,-2.1483316148346754,True,4.0,7.319834258052382,-7.979405216014756,,,
CMA,2023-03-04,50.21728515625,-5.968894037126193,True,43.0,2.3270607467548166,-44.71579272813457,,,
CMA,2024-01-06,49.203495025634766,-4.383864571055085,True,36.0,18.427570983411034,-12.267489590376357,,,
CMA,2025-03-01,55.844024658203125,-0.5455934598421752,True,2.0,2.562644236260292,-1.046308890609693,,,
CMA,2025-03-29,50.06843566894531,-10.577062631556522,True,6.0,13.889962316592431,-1.1235994435107033,,,
CMA,2025-05-17,54.50107192993164,-2.460160564924019,True,2.0,4.378003446318712,0.0,,,
CMA,2025-06-07,53.33714294433594,-4.4645953446237225,True,2.0,9.480359479022038,0.0,,,
COTY,2017-04-03,15.179535865783691,-17.94054932655118,True,45.0,28.55216692047451,-14.564427978644334,,,
COTY,2018-02-19,18.885910034179688,-1.7626564965663505,True,194.0,-42.76155927856916,-85.70362750432857,,,
COTY,2022-01-10,8.930000305175781,-1.2311792062486449,True,4.0,4.367294247710118,-8.958568459075945,,,
COTY,2022-02-28,8.119999885559082,-7.578907587703498,True,2.0,11.576361420021076,0.0,,,
COTY,2022-04-04,8.59000015258789,-1.1325007920899188,True,37.0,-3.143195028725687,-27.008150529106047,,,
COTY,2024-08-05,9.119999885559082,-2.3104870237878883,True,1.0,5.592107842998861,0.0,,,
COTY,2024-08-26,9.380000114440918,-0.5597479961727658,True,4.0,1.3859287084738714,-4.157786125421592,,,
COTY,2024-09-30,8.989999771118164,-5.507178897562836,False,,,-75.3058944924299,2.2200000286102295,-75.3058944924299,74.0
CPRI,2015-10-05,42.59000015258789,-32.00808396491933,True,111.0,32.9185264323409,-22.399626394337236,,,
CPRI,2018-11-05,47.779998779296875,-7.393591401172417,True,110.0,-12.452903098064382,-82.14734208685822,,,
CPRI,2022-05-16,41.68000030517578,-0.6878931378416886,True,1.0,14.131476359219274,0.0,,,
CPRI,2022-06-27,41.22999954223633,-0.017946280392744374,True,1.0,4.390010655801335,0.0,,,
CPRI,2022-09-19,40.189998626708984,-0.6019811372851236,True,2.0,4.503611433537458,-4.354317143064057,,,
CPRI,2023-04-24,41.5,-0.9012022780521045,True,15.0,28.048191300357672,-15.493976638977792,,,
CPRI,2024-03-18,45.290000915527344,-1.7157942461178854,False,,,-69.77257826530582,18.579999923706055,-58.97549227618576,102.0
CZR,2020-03-02,33.650001525878906,-0.06310592904111845,True,12.0,5.37889294656273,-73.78900655311679,,,
CZR,2020-07-20,33.75,-3.507330098021244,True,2.0,9.837036132812504,-8.000002260561345,,,
CZR,2022-05-02,59.95000076293945,-2.542073703402903,False,,,-69.74145261252036,28.059999465942383,-53.19433009367229,200.0
DXC,2018-12-15,48.540550231933594,-6.262515611424879,True,2.0,13.54991986397387,0.0,,,
DXC,2019-05-11,54.32602310180664,-2.663377955650692,False,,,-78.93473433951436,12.949999809265137,-76.16243731848931,355.0
EMN,2015-09-19,47.26337814331055,-1.7407743077063276,True,2.0,6.336303273714194,-0.40539762874510776,,,
EMN,2015-11-07,48.682716369628906,-0.49269545772026024,True,1.0,3.8192015879789487,0.0,,,
EMN,2015-12-05,47.88078308105469,-2.7901220388590664,True,13.0,6.530928976724981,-9.908968216156266,,,
EMN,2016-06-11,51.33384704589844,-0.15171513734552056,True,5.0,1.396224676484703,-3.9181800211936513,,,
EMN,2016-07-23,47.2022705078125,-8.82006350445944,True,13.0,11.147851846871193,-2.284214895482317,,,
EMN,2016-10-29,51.93231964111328,-0.699533379575823,True,1.0,5.5430738901695475,0.0,,,
EMN,2018-11-17,59.34689712524414,-0.2204471879449721,True,1.0,1.5198458511760826,0.0,,,
EMN,2018-12-01,55.953041076660156,-6.049882950525731,True,6.0,11.893177373986497,-4.697924440238088,,,
EMN,2019-03-16,58.377315521240234,-2.9820197869413922,True,2.0,9.635376455335054,0.0,,,
EMN,2019-05-04,58.87456130981445,-2.5340897447670763,True,7.0,3.5706156426236646,-14.330980049843156,,,
EMN,2019-07-27,55.171302795410156,-9.237862992670554,True,13.0,13.080355111787977,-12.198259178392934,,,
EMN,2019-11-16,61.29766845703125,-0.26003442173690994,True,1.0,1.005276306605296,0.0,,,
EMN,2019-11-30,61.22658157348633,-0.6689091572068873,True,1.0,1.380613713951262,0.0,,,
EMN,2019-12-28,60.501487731933594,-2.3471465099997313,True,22.0,2.878171905830107,-45.41786049043064,,,
EMN,2020-06-06,56.343841552734375,-8.896409203089684,True,6.0,11.170329447130033,-2.4068123654385154,,,
EMN,2020-07-25,60.99489212036133,-1.9768764578072084,True,5.0,5.761757209208951,-5.131979252563179,,,
EMN,2022-09-10,68.28719329833984,-8.18746647932006,True,8.0,14.123574010459027,-9.392322629955585,,,
EMN,2022-11-12,73.36857604980469,-1.9127921274663118,True,1.0,3.2403354794216632,0.0,,,
EMN,2022-12-03,74.16973114013672,-1.1050608338842527,True,4.0,5.098844580224915,-3.5142556633055877,,,
EMN,2023-02-18,73.6721420288086,-2.715557640809818,True,1.0,4.079210012473644,0.0,,,
EMN,2023-03-04,70.95690155029297,-6.467515072048558,True,18.0,9.77055658411845,-1.8947443799303354,,,
EMN,2023-07-22,77.43275451660156,-0.2044123440013701,True,20.0,3.4319526160808023,-16.653499868857512,,,
EMN,2024-01-06,79.4133529663086,-0.017464124372446044,True,8.0,3.3245212951611425,-5.280113580085133,,,
EMN,2024-12-28,83.74308013916016,-2.0459197518446604,True,2.0,5.120115724930274,-1.6127185182209125,,,
EMN,2025-03-15,84.53694915771484,-0.627874742370016,True,47.0,-6.39941944475606,-33.00865571335834,,,
EMN,2026-02-14,78.21802520751953,-0.19102986717614012,False,,,-11.154628087863738,69.49309539794922,-11.154628087863738,2.0
ENPH,2016-01-18,2.359999895095825,-68.97818753493443,True,120.0,115.67798215436858,-69.49152285530103,,,
ENPH,2018-09-10,4.03000020980835,-4.112680168003447,True,1.0,9.18113812149597,0.0,,,
ENPH,2023-07-31,140.0,-9.24716331456924,False,,,-80.76428549630302,44.06999969482422,-68.52142878941127,135.0
ETSY,2020-03-16,31.690000534057617,-5.074427540086857,True,1.0,22.02586783608984,0.0,,,
ETSY,2022-04-18,98.41000366210938,-13.199268744829762,True,16.0,21.847372421426,-26.724928435181084,,,
ETSY,2022-08-15,107.01000213623047,-8.670867548592875,True,15.0,31.286798139029504,-13.606209604082132,,,
ETSY,2022-12-26,119.77999877929688,-2.4729248051139296,True,2.0,12.431123343960216,0.0,,,
ETSY,2023-02-20,124.1050033569336,-1.0568369071671135,False,,,-64.868460340213,52.02000045776367,-58.08388134993159,158.0
FLR,2014-11-22,55.439632415771484,-1.6419585539866999,True,162.0,-9.047986581314316,-36.47566975594514,,,
FLR,2018-04-28,43.3587646484375,-10.631649191252945,True,12.0,10.608538971550828,0.0,,,
FLR,2018-10-06,44.60946273803711,-5.507274205385427,True,178.0,-36.06737515481093,-87.37935906670225,,,
FLR,2025-03-29,31.020000457763672,-6.978416435330981,True,2.0,9.477751719288463,0.0,,,
FLS,2015-06-13,43.35752868652344,-0.5619645058912659,True,164.0,-1.1460492933433652,-31.89594221882337,,,
FLS,2018-10-20,38.68009567260742,-0.49808965012752004,True,1.0,4.8158066935542365,0.0,,,
FLS,2018-11-17,38.61142349243164,-0.4313856463744936,True,1.0,7.8479192290110245,0.0,,,
FLS,2018-12-08,35.85591125488281,-7.27848067379645,True,9.0,14.960265599592827,-10.366286742191955,,,
FLS,2019-03-02,37.05318832397461,-2.6652843050861796,True,1.0,3.0966396386963746,0.0,,,
FLS,2019-03-16,37.53630065917969,-1.1782090938863066,True,1.0,3.746261655079164,0.0,,,
FLS,2019-08-03,38.094200134277344,-0.7501150502069676,True,5.0,10.821941073280783,-7.785400322806568,,,
FLS,2020-02-22,35.22655487060547,-10.177654480458209,True,54.0,5.950924962342019,-49.166461817350935,,,
FLS,2021-03-20,35.564903259277344,-1.0695656800668085,True,2.0,1.2706467766283591,0.0,,,
FLS,2021-08-14,34.364402770996094,-4.679985681060805,True,76.0,-3.5959683061028924,-33.95882763929132,,,
FLS,2023-03-04,30.550418853759766,-6.112680848005403,True,3.0,6.165852272223549,-6.298478300039367,,,
FLS,2023-04-01,30.53575897216797,-5.481820940564663,True,4.0,10.496709085562284,0.0,,,
FMC,2014-11-22,36.888023376464844,-2.9404940668896318,True,1.0,4.7058658068780845,0.0,,,
FMC,2014-12-06,37.29487609863281,-2.161746511799578,True,1.0,3.563621322198207,0.0,,,
FMC,2015-03-21,38.76563262939453,-0.8869912728925566,True,2.0,2.676453807441681,-0.2607019873101968,,,
FMC,2015-05-23,38.97819519042969,-1.6907707202899247,True,79.0,1.2245373315456165,-39.536132669139455,,,
FMC,2020-03-14,54.81405258178711,-5.607675824889203,True,1.0,17.299455257521746,0.0,,,
FMC,2023-05-20,92.37107849121094,-0.7444934831804084,True,1.0,3.3594135486619603,0.0,,,
FMC,2023-06-24,93.03987121582031,-0.6419468327281797,False,,,-86.37461764823095,14.039999961853027,-84.90969540436585,140.0
GT,2018-02-24,26.291011810302734,-3.8996063391689817,True,164.0,-30.50856851920718,-79.49869748119241,,,
GT,2021-04-24,17.209999084472656,-4.158134237021416,True,1.0,14.294021630952724,0.0,,,
GT,2021-06-12,16.770000457763672,-4.516610912594676,True,13.0,1.25223064245914,-13.71496796632512,,,
GT,2022-02-05,15.779999732971191,-0.5789223505525354,True,1.0,1.4575443586990255,0.0,,,
GT,2022-02-19,15.510000228881836,-1.7370973320660177,True,24.0,-2.0631891926258583,-30.3030286260929,,,
GT,2022-08-27,13.569999694824219,-6.5730029939264245,True,36.0,8.106119426732782,-25.792189231477636,,,
GT,2023-06-03,12.859999656677246,-3.508680706632039,True,1.0,5.520995778396642,0.0,,,
GT,2023-06-17,13.100000381469727,-1.8608091318780273,True,1.0,4.427480204706558,0.0,,,
GT,2023-07-29,12.829999923706055,-4.215533570233543,True,4.0,4.20888515248754,-1.3250200881126717,,,
GT,2023-09-02,12.720000267028809,-4.569795633711449,True,10.0,11.47798748032578,-6.3679276934944795,,,
GT,2024-01-06,13.199999809265137,-0.8677840196732678,True,1.0,3.4090895133898513,0.0,,,
GT,2024-02-03,13.460000038146973,-0.06681998848763193,True,7.0,2.0059398463904143,-12.85290112189934,,,
GT,2024-03-30,12.949999809265137,-5.316533124511002,False,,,-47.25868707102605,7.5,-42.08494123193661,100.0
HOG,2015-05-23,40.60659408569336,-0.33684911938521855,True,1.0,2.0698699596750414,0.0,,,
HOG,2015-08-29,41.81349563598633,-0.3060940391273248,True,6.0,1.7255203989870793,-1.0833710346453418,,,
HOG,2015-10-17,37.00028991699219,-12.815651853847099,True,52.0,20.568428740570035,-19.136686130405533,,,
HOG,2017-05-06,44.22606658935547,-0.7035896719914003,True,5.0,1.204802857577092,-5.234569975602055,,,
HOG,2017-06-24,43.57316589355469,-2.1992793055031545,True,28.0,2.2354672957906274,-13.793466617126771,,,
HOG,2018-01-27,38.88979721069336,-9.857546216457425,True,147.0,-5.68292804701882,-65.36386898835055,,,
HOG,2020-12-12,32.058204650878906,-3.54328760283531,True,1.0,3.8913757073232746,0.0,,,
HOG,2020-12-26,32.937740325927734,-0.5050498861232322,True,1.0,5.36780014803524,0.0,,,
HOG,2021-01-30,30.236299514770508,-7.704011160122349,True,5.0,15.385803741472426,0.0,,,
HOG,2021-03-13,31.76998519897461,-1.9077834108521152,True,1.0,3.262402184548585,0.0,,,
HOG,2022-01-15,30.47722816467285,-3.884183276560027,True,2.0,6.907902292061796,0.0,,,
HOG,2022-05-14,29.591197967529297,-6.626793677693876,True,1.0,12.36856811550111,0.0,,,
HOG,2022-06-04,29.96367073059082,-5.235707277053181,True,6.0,6.165646684799531,-5.552161663258881,,,
HOG,2023-05-06,31.28497886657715,-4.5575360856289215,True,7.0,5.127482123128901,-3.504597728409342,,,
HOG,2023-07-01,32.50613021850586,-1.1370159941552438,True,1.0,3.419542141932319,0.0,,,
HOG,2023-08-05,32.01106643676758,-2.885572646440049,True,18.0,4.544379324386116,-23.2581827654597,,,
HOG,2024-01-06,32.17318344116211,-2.1312511282666757,True,4.0,8.064517850174902,-1.3196396445959824,,,
HOG,2024-04-20,32.94358825683594,-3.5921726045893942,True,13.0,6.512243450760091,-7.803147396167931,,,
HOG,2024-07-27,34.09811782836914,-2.0131418503896326,True,3.0,6.538136716228027,-1.0617638052956013,,,
HOG,2024-08-31,34.745975494384766,-0.6920883000840261,True,1.0,3.4823052750254213,0.0,,,
HOG,2024-09-28,33.28845977783203,-4.948180813585134,False,,,-46.49196630443127,19.009361267089844,-42.895041122482766,74.0
HP,2014-12-06,35.1221809387207,-9.254895654667472,True,1.0,19.075223613508264,0.0,,,
HP,2015-01-03,35.38992691040039,-8.756768389242776,True,4.0,11.875007882178966,-2.0394929233931935,,,
HP,2015-03-07,36.7547492980957,-5.521662237117231,True,1.0,9.073426495404213,0.0,,,
HP,2015-07-04,38.05173110961914,-4.055941024325627,True,42.0,7.072999156995263,-27.93281987137286,,,
HP,2016-04-30,37.39716339111328,-7.7849616648254845,True,6.0,10.383965142038898,-4.3005405652422946,,,
HP,2016-07-16,40.43890380859375,-2.050739893277509,True,10.0,4.9101691794292135,-10.226250507508105,,,
HP,2016-10-15,41.9075927734375,-0.3253934016673399,True,4.0,3.826067120682075,-6.483155018685904,,,
HP,2017-03-18,41.88017272949219,-3.2343846271659427,True,39.0,2.8826896164514393,-31.996748047753844,,,
HP,2018-12-15,32.2851448059082,-18.893527370740305,True,8.0,25.887647183026786,0.0,,,
HP,2019-02-16,38.95780944824219,-1.7785587624304378,True,6.0,6.1432221277415655,-4.016692784842501,,,
HP,2019-05-18,36.175621032714844,-8.530585518967271,True,144.0,-19.79853471741988,-72.57966227090328,,,
HP,2024-08-24,30.715248107910156,-2.5565012707896795,True,5.0,5.087347975326817,-8.519777769442872,,,
HP,2024-10-26,30.99764060974121,-3.461588345684896,True,1.0,9.68720731891839,0.0,,,
HP,2024-11-09,31.8636531829834,-1.1409389246070378,True,1.0,6.528819361451466,0.0,,,
HP,2024-11-30,31.522262573242188,-2.755186991253422,True,6.0,9.446434215959298,-8.393510542669503,,,
HP,2025-01-25,29.95752716064453,-8.41282156214852,True,50.0,7.264287386036705,-50.62121920963034,,,
HRB,2016-03-19,18.049531936645508,-2.941456080057414,True,64.0,16.89380907188123,-25.9676716629225,,,
HRB,2017-08-26,19.029165267944336,-2.4603711531315464,True,14.0,3.574536149650953,-9.288814418063252,,,
HRB,2017-12-16,18.992536544799805,-2.634716985844543,True,8.0,6.900466268891803,-4.9943163781404625,,,
HRB,2018-02-17,19.419742584228516,-0.4829236140837745,True,2.0,3.243792833656367,-7.941855149978327,,,
HRB,2018-03-17,18.62539291381836,-4.608806610731497,True,4.0,6.2745274739453905,-0.35293141779834114,,,
HRB,2018-06-09,17.28143882751465,-11.14739449045089,True,9.0,12.837230729463677,-2.7895079395054423,,,
HRB,2018-09-08,18.459211349487305,-4.333537575794133,True,1.0,5.462152442931312,0.0,,,
HRB,2018-09-22,19.19171905517578,-0.4067301889257857,True,3.0,0.2330056446101958,-1.2038873431373553,,,
HRB,2018-10-20,19.00539779663086,-1.0672149271906295,True,1.0,6.392138656576241,0.0,,,
HRB,2018-12-15,18.002079010009766,-5.8712130898582515,True,2.0,6.34919054055858,0.0,,,
HRB,2019-01-26,18.0396728515625,-5.317745353333658,True,9.0,5.000790866214189,-0.33347487160054756,,,
HRB,2019-08-24,18.571054458618164,-0.9467500605688906,True,8.0,5.072365751386454,-2.8560641564015166,,,
HRB,2019-11-30,18.211143493652344,-1.2115723489270813,True,2.0,1.6849387780580427,0.0,,,
HRB,2019-12-21,18.32991600036621,-0.21435099119252454,True,1.0,0.29927717086768446,0.0,,,
HRB,2020-01-25,18.18101692199707,-1.0508845266468336,True,59.0,-1.734698448577221,-47.75652010802669,,,
HRB,2021-03-20,17.656309127807617,-0.421934815805447,True,1.0,6.804035998306568,0.0,,,
HRB,2025-11-22,41.1499137878418,-2.7805075996666817,True,2.0,3.8459923299858145,-0.023731823717421108,,,
HRB,2025-12-27,42.041866302490234,-1.8803140050335565,True,1.0,5.796766779272677,0.0,,,
HRB,2026-01-10,41.48933410644531,-3.6333449381860783,False,,,-27.728894703839035,31.829864501953125,-23.281814019260437,7.0
ILMN,2016-10-08,134.24124145507812,-4.941953310429059,True,13.0,17.80435512548033,-10.724633463951783,,,
ILMN,2020-03-07,226.97470092773438,-4.615928964305138,True,2.0,15.308799037096698,0.0,,,
ILMN,2022-01-22,322.91827392578125,-3.465852285611215,True,1.0,7.958796702057747,0.0,,,
ILMN,2022-02-05,321.88714599609375,-4.080468466784848,True,7.0,9.972801390420827,-8.168627587058207,,,
ILMN,2022-04-09,327.32489013671875,-3.3508974683340464,False,,,-78.2479123666694,124.62000274658203,-61.92773403375157,203.0
IPGP,2018-10-13,132.25999450683594,-0.18848088845099253,True,1.0,1.89021631924442,0.0,,,
IPGP,2018-12-01,124.3499984741211,-7.673495685319698,True,8.0,10.116601814255933,-13.38158391140748,,,
IPGP,2019-05-11,134.0500030517578,-4.742546837994455,True,5.0,9.272653780531371,-6.624397374600477,,,
IPGP,2019-07-06,140.6699981689453,-1.4967023398535617,True,9.0,4.030708923544313,-15.930899498413542,,,
IPGP,2019-09-14,133.0800018310547,-8.316292313948015,True,7.0,10.64772916589989,-0.9467947772013874,,,
IPGP,2019-11-09,140.85000610351562,-4.2952922352514245,True,27.0,11.742983719842371,-27.057157677180154,,,
IPGP,2020-06-20,155.22000122070312,-0.04803693763079098,True,1.0,2.4867933127143305,0.0,,,
IPGP,2020-08-15,150.5800018310547,-5.041028581510753,True,1.0,6.023370935807204,0.0,,,
IPGP,2020-09-05,158.52999877929688,-0.638644776875541,True,1.0,5.481613895363968,0.0,,,
IPGP,2021-08-07,169.1199951171875,-4.710822082451049,True,20.0,1.78571686356086,-6.711205754743466,,,
IPGP,2022-01-01,162.61000061035156,-4.666286162154787,True,212.0,-43.17077466622513,-67.94785146285346,,,
JEF,2014-10-25,16.133054733276367,-8.594540493316739,True,29.0,5.37198255880833,-8.326305775098197,,,
JEF,2015-06-06,16.494901657104492,-1.36466175733011,True,2.0,1.8736184070473838,0.0,,,
JEF,2015-07-18,16.003765106201172,-4.246975946661169,True,72.0,4.395416194013713,-36.49982802146502,,,
JEF,2018-03-31,15.456476211547852,-0.16595233158220868,True,1.0,11.621511060763389,0.0,,,
JEF,2018-10-06,14.821915626525879,-4.232443101204064,True,4.0,6.386070433450719,-1.4997646684881905,,,
JEF,2018-11-10,15.345377922058105,-0.8521852158395737,True,2.0,2.7066593042792464,-2.275909922412167,,,
JEF,2018-12-01,13.719405174255371,-11.2851090285081,True,30.0,14.059645739118864,-11.724481276344045,,,
JEF,2019-07-27,14.735126495361328,-2.9948911753941654,True,14.0,3.917046903416632,-9.588794180274284,,,
JEF,2019-11-09,14.998050689697266,-2.1775640490044657,True,1.0,9.514531943212635,0.0,,,
JEF,2020-02-22,15.68734359741211,-0.6810208883096025,True,32.0,2.621230767958793,-38.508369802810705,,,
JEF,2026-02-28,38.290000915527344,-13.558513020500806,False,,,0.0,,,0.0
KMX,2016-01-02,46.79999923706055,-3.6879506177035393,True,8.0,9.722220750502576,-6.773500471416705,,,
KMX,2016-03-19,48.83000183105469,-1.2462992147081575,True,1.0,5.979926396579138,0.0,,,
KMX,2016-06-04,49.25,-3.0564291156053414,True,4.0,6.94415871867069,-5.949239198326461,,,
KMX,2016-10-01,52.33000183105469,-0.773255984672605,True,5.0,4.681820872378162,-4.892033792690997,,,
KMX,2018-03-17,59.36000061035156,-1.0037206636747786,True,1.0,4.346357799577771,0.0,,,
KMX,2018-11-10,62.029998779296875,-1.2995134739133385,True,2.0,6.512979195601298,0.0,,,
KMX,2018-12-01,62.560001373291016,-0.45206910131712075,True,4.0,1.6783874904274354,-5.754479235602005,,,
KMX,2019-01-12,61.91999816894531,-1.2929034975463383,True,10.0,12.726106453221032,-5.717049750504499,,,
KMX,2020-03-07,69.19000244140625,-1.1323520381089858,True,6.0,2.558168204380884,-36.01676702460901,,,
KMX,2022-04-09,91.79000091552734,-4.475616645338398,True,6.0,9.260267910687126,-6.547556461799542,,,
KMX,2022-05-28,96.3499984741211,-0.34499302343508065,True,3.0,2.0861465158926285,-9.714583039527069,,,
KMX,2022-06-25,92.66999816894531,-4.515648261294459,True,4.0,7.4134055059086545,-1.2085843739261248,,,
KMX,2022-08-13,96.2699966430664,-1.594706865931117,False,,,-66.38620365768735,42.189998626708984,-56.17534008738577,185.0
KSS,2015-08-22,30.201622009277344,-0.2861592092088694,True,63.0,8.548454284319117,-28.88093655640257,,,
KSS,2016-12-31,25.75397491455078,-15.843722671179938,True,47.0,20.89630068505832,-10.736137752268093,,,
KSS,2019-05-25,33.78195571899414,-0.45098993977776836,True,7.0,1.4125984093701138,-3.142753674821197,,,
KSS,2019-08-03,34.071651458740234,-0.175874647445029,True,5.0,7.419478465359086,-7.9086977935503455,,,
KSS,2019-09-28,33.19595718383789,-3.470235441280256,True,1.0,9.071638971694362,0.0,,,
KSS,2019-11-16,33.069305419921875,-4.7450796855197925,True,4.0,9.096358023836881,0.0,,,
KSS,2020-01-04,33.07393264770508,-5.416831545582146,True,54.0,1.0645050081699914,-74.25292956866983,,,
KSS,2021-01-23,32.59738540649414,-1.8672072528550965,True,1.0,12.414874814647604,0.0,,,
KSS,2021-10-02,34.51082229614258,-3.7656888098920094,True,2.0,6.754959347526568,0.0,,,
KSS,2022-01-15,35.283199310302734,-1.1307270526904833,True,1.0,28.437221971572058,0.0,,,
KSS,2022-05-14,29.804443359375,-16.168566437535247,True,184.0,-17.93606752594631,-78.82242716550348,,,
KSS,2026-01-10,18.6200008392334,-5.680636286589024,True,4.0,6.605797458637319,-6.176162588864054,,,
KSS,2026-02-14,18.780000686645508,-1.5172769587777357,False,,,-19.48882144444787,15.119999885559082,-19.48882144444787,2.0
LEG,2018-02-24,30.204357147216797,-3.505876669132113,True,1.0,11.028719642642205,0.0,,,
LEG,2018-03-17,31.405860900878906,-0.20105673030011983,True,1.0,2.8518286116437253,0.0,,,
LEG,2018-04-14,31.238378524780273,-1.3542769547494227,True,8.0,3.31002612238549,-4.312333682197611,,,
LEG,2018-07-28,32.039241790771484,-0.9887387973930184,True,2.0,2.246676497324951,-0.6648374577846283,,,
LEG,2018-09-22,32.431907653808594,-0.7074228961181594,True,20.0,3.6984155176003286,-20.643990764341325,,,
LEG,2019-03-09,32.17239761352539,-1.5208671501726667,True,3.0,2.192143257826462,-4.353226973223578,,,
LEG,2019-04-06,32.6436882019043,-0.08096893562987706,True,27.0,2.8889093781051534,-17.895943684415272,,,
LEG,2020-02-22,30.78345489501953,-7.431364511540439,True,26.0,7.138681026229232,-42.03711836552,,,
LEG,2021-12-11,31.581575393676758,-4.925079776902564,True,2.0,9.351056094813327,0.0,,,
LEG,2022-01-15,32.74763488769531,-1.5565055166585018,True,18.0,3.1991371521735035,-7.895875356277681,,,
LEG,2022-05-28,32.79356384277344,-1.3130548371434791,True,7.0,2.0689720955964663,-10.665311407857681,,,
LEG,2022-08-27,32.40644836425781,-2.7329303941591276,False,,,-79.30400277522861,10.577942848205566,-67.35852466982361,183.0
LKQ,2016-01-30,22.42121124267578,-2.8459461913108774,True,2.0,4.3219614311045484,-0.7533790232928994,,,
LKQ,2017-03-18,26.128442764282227,-0.407655659690942,True,5.0,6.294669420284027,-4.93364067833827,,,
LKQ,2018-04-28,26.78631591796875,-4.358790164095028,True,4.0,5.9741405140965265,0.0,,,
LKQ,2018-09-22,28.155418395996094,-1.2395776276241555,True,50.0,3.3786090727070173,-25.576253926756188,,,
LKQ,2019-09-14,28.26210594177246,-0.0631764329754314,True,6.0,10.537882850953828,-4.026439578165874,,,
LKQ,2020-02-22,26.297361373901367,-8.512527245607803,True,24.0,6.4570592072133115,-44.895201710026214,,,
LKQ,2020-08-15,27.4886531829834,-1.216732953894184,True,1.0,5.498047421827312,0.0,,,
LKQ,2020-09-12,27.586444854736328,-0.8597659103398048,True,4.0,2.771515542642522,-12.729621754237396,,,
LKQ,2023-10-21,40.27463150024414,-1.89326917495527,True,1.0,3.1917208140785247,0.0,,,
LKQ,2024-04-20,40.85665512084961,-6.638438066496999,False,,,-31.188328797057274,31.164958953857422,-23.721217848904143,97.0
LNC,2016-01-09,27.72869300842285,-4.374142960052474,True,14.0,10.412316949011814,-19.22318344681778,,,
LNC,2016-04-30,28.599693298339844,-4.583797899446418,True,2.0,7.653331800324326,0.0,,,
LNC,2016-06-04,29.7182674407959,-2.2080317734259003,True,8.0,6.446399127240854,-10.618011208701205,,,
LNC,2018-10-20,41.91920471191406,-0.047109834706637876,True,1.0,9.364222047257286,0.0,,,
LNC,2018-12-01,40.84733581542969,-3.2118749883155884,True,6.0,5.62339860984673,-12.517729926846421,,,
LNC,2019-03-16,42.06500244140625,-0.8479857542234681,True,1.0,1.7683907120356723,0.0,,,
LNC,2019-07-27,43.273738861083984,-0.16364878121621906,True,6.0,5.131263349074766,-10.910325688113431,,,
LNC,2019-09-28,41.70241928100586,-4.3045593489513205,True,2.0,6.034546711734201,0.0,,,
LNC,2019-10-26,43.09733581542969,-1.5500724548825118,True,1.0,4.067577246641529,0.0,,,
LNC,2019-11-09,43.64701461791992,-0.6414581369417305,True,4.0,1.6507975185379387,-1.6848218764123124,,,
LNC,2019-12-21,43.63216018676758,-1.914308344468807,True,3.0,2.9106106719331226,-1.3108602280364368,,,
LNC,2020-01-18,42.292049407958984,-5.605289991117912,True,3.0,8.063675387789981,-3.6604797121427723,,,
LNC,2020-02-15,44.7001953125,-0.9362259479990254,True,52.0,-2.9350681624538466,-71.45725193823324,,,
LNC,2022-05-14,42.51921463012695,-2.100390001210506,True,1.0,10.706138447538471,0.0,,,
LNC,2022-06-04,41.26009750366211,-4.889126476468508,True,20.0,7.690036147083501,-13.292191529154673,,,
LNC,2022-10-29,28.306209564208984,-33.79126611678611,True,118.0,24.652551250265663,-42.45624471130087,,,
LNC,2025-03-01,33.91265869140625,-2.8545464306392043,True,16.0,-1.551181102362209,-17.134831271091112,,,
LNC,2025-07-05,32.90372848510742,-0.5914091222687823,True,1.0,2.7522298668543277,0.0,,,
LUMN,2015-05-30,16.61750030517578,-0.3922677921787576,True,1.0,1.1808516548221792,0.0,,,
LUMN,2015-06-20,15.486600875854492,-7.40313428991618,True,36.0,9.562939015860582,-19.223797358413552,,,
LUMN,2016-04-30,15.600056648254395,-6.079748751037284,True,9.0,8.032812390629696,-6.061666435890545,,,
LUMN,2016-08-13,16.083576202392578,-2.4089505044210036,True,10.0,7.404535776536902,-4.965196255502269,,,
LUMN,2016-10-29,13.102238655090332,-20.141515233704276,True,93.0,23.529683646035316,-34.115763413594,,,
LUMN,2018-10-20,13.682805061340332,-5.711317818736861,True,1.0,8.260200184548339,0.0,,,
LUMN,2018-11-03,13.357865333557129,-7.603610739925082,True,121.0,-12.645471961099863,-45.39592269063094,,,
LUMN,2021-07-31,10.557672500610352,-0.172484277395335,True,1.0,2.893603391059618,0.0,,,
LUMN,2022-02-05,9.426454544067383,-11.548613548926545,True,5.0,12.578525617354464,-1.4866323079889665,,,
LUMN,2022-04-16,10.344228744506836,-1.9719964721419903,True,3.0,7.215533558101961,-6.938020837654923,,,
LUMN,2022-06-11,10.14859676361084,-2.748877194225141,True,1.0,8.469686113192832,0.0,,,
LUMN,2022-07-16,10.304879188537598,-0.05896296976546367,True,1.0,3.2227536310615035,0.0,,,
LUMN,2022-08-27,9.621143341064453,-5.4954696125533715,True,108.0,-24.333315160826686,-89.29441195420529,,,
LUMN,2024-10-05,6.199999809265137,-7.46547554186332,True,1.0,8.709677072022881,0.0,,,
LUMN,2024-10-19,6.440000057220459,-3.583977176070674,True,1.0,8.695651208134315,0.0,,,
LUMN,2024-12-07,6.510000228881836,-1.4433804503393821,True,39.0,-7.066052564885739,-49.769587312469696,,,
M,2015-10-17,30.30350685119629,-2.02276539466828,True,1.0,6.274771813404834,0.0,,,
M,2015-10-31,30.891008377075195,-0.5105595146913444,True,135.0,-7.8326120036787295,-58.71883023885536,,,
M,2018-06-30,26.598825454711914,-0.019691334057636567,True,2.0,4.7709485068421875,-1.3553601193794784,,,
M,2018-08-11,25.978740692138672,-1.3889435211033363,True,1.0,1.3322426118228092,0.0,,,
M,2018-09-01,25.60381507873535,-2.237852826412079,True,1.0,2.140210505645479,0.0,,,
M,2018-09-15,26.003704071044922,-0.2279159641653261,True,6.0,-0.4202464090107938,-9.386383323932424,,,
M,2018-11-10,24.26235580444336,-4.742108621615603,True,121.0,-35.82489771204851,-83.51936824307167,,,
M,2021-03-20,13.650073051452637,-9.831139833159874,True,8.0,10.840424312235065,-4.263097004786998,,,
M,2021-05-29,14.913658142089844,-1.0611269712074267,True,1.0,8.472689528091127,0.0,,,
M,2021-06-12,14.730772972106934,-2.3881867247681154,True,1.0,10.722329924865681,0.0,,,
M,2021-07-10,14.082354545593262,-6.758065337329411,True,3.0,9.563124275425206,-1.6528990542663102,,,
M,2022-07-09,14.190848350524902,-4.553240791109003,True,1.0,10.114398458674877,0.0,,,
M,2022-09-10,14.276283264160156,-1.1676692675388511,True,3.0,5.3402497620537615,-5.350791007582744,,,
M,2023-04-29,13.471041679382324,-5.428034458884423,True,8.0,5.48810933713717,-6.701362530265486,,,
M,2023-07-01,14.10410213470459,-0.7324610619007466,True,2.0,0.8788358928660367,-2.322664280604869,,,
M,2023-08-05,13.79421615600586,-3.24588627332445,True,16.0,11.569165815604832,-31.15667529758127,,,
M,2024-07-13,15.094923973083496,-5.469375144771382,True,4.0,8.124594275714037,-4.825906966532778,,,
M,2024-08-17,14.716858863830566,-9.23116650617095,True,54.0,14.320953333534225,-27.701552870398004,,,
MAC,2017-03-04,38.437110900878906,-3.1966983154766204,True,39.0,7.3921567343101735,-15.389907441977801,,,
MAC,2017-12-16,40.93313217163086,-0.15428914850055264,True,1.0,0.7361998066237163,0.0,,,
MAC,2017-12-30,40.688297271728516,-0.9883313571455443,True,3.0,2.607622044716429,-2.8390729475830767,,,
MAC,2018-01-27,38.58513259887695,-6.483193305060975,True,285.0,-71.18514035931882,-90.22758135282334,,,
MAC,2023-08-12,10.327898979187012,-4.571372550321384,True,4.0,6.680494833274797,-3.6996886400192386,,,
MAC,2023-09-16,10.198046684265137,-3.7412340641827746,True,8.0,1.6346116170241842,-14.222596740969939,,,
MAC,2023-11-18,10.062593460083008,-1.1894641195607902,True,1.0,10.373065397804314,0.0,,,
MAT,2014-10-25,26.408742904663086,-5.5080884157234,True,66.0,10.168818861650841,-32.04448400080111,,,
MAT,2016-02-06,28.133848190307617,-1.983916255862117,True,1.0,4.676161518467592,0.0,,,
MAT,2016-04-23,28.80097007751465,-0.6446125918675993,True,4.0,3.490423147598043,-1.7368936946568825,,,
MAT,2016-06-18,27.911701202392578,-3.977525007103011,True,1.0,6.01477267990409,0.0,,,
MAT,2016-09-24,28.726428985595703,-1.6889365497045117,True,3.0,8.157196485049178,-0.7265557845661741,,,
MAT,2016-10-29,28.897193908691406,-1.123997412642963,True,1.0,1.378856551606522,0.0,,,
MAT,2016-11-12,28.95411491394043,-0.90129001771726,True,1.0,7.44340607346563,0.0,,,
MAT,2016-11-26,28.76648712158203,-1.539736115827528,True,5.0,1.7022761817391485,-8.044059895806399,,,
MAT,2017-01-07,28.344017028808594,-2.4937070637524705,True,201.0,-46.93765549686725,-73.82163555450758,,,
MAT,2023-03-04,16.700000762939453,-1.5852390646566406,True,3.0,10.23951500809195,-2.6946152238393473,,,
MAT,2023-12-30,18.18000030517578,-2.015472110407379,True,4.0,4.6204628079612675,-1.7051675508175212,,,
MAT,2024-04-06,18.43000030517578,-4.397803156117563,True,43.0,16.549100306873044,-12.262616339985355,,,
MAT,2025-03-08,19.75,-1.3910107906216385,True,9.0,1.7721538302264639,-24.911392791361752,,,
MAT,2025-05-17,19.010000228881836,-4.431780102078886,True,6.0,7.417147977041583,-1.1046869505147883,,,
MAT,2025-07-12,19.3799991607666,-2.1893872807481896,True,18.0,2.3219854614361823,-13.003089058520667,,,
MAT,2026-02-07,16.469999313354492,-15.048797563584559,False,,,-3.46083617843288,15.899999618530273,-3.46083617843288,3.0
MHK,2018-05-26,204.35000610351562,-0.1822921262526811,True,1.0,2.980179180814746,0.0,,,
MHK,2018-07-21,183.05999755859375,-11.800417606645352,True,133.0,-7.527586017194265,-67.95586112217867,,,
MHK,2022-02-05,144.1699981689453,-2.9145512914260485,True,1.0,2.8369261218258224,0.0,,,
MHK,2022-02-19,144.27000427246094,-2.319659656304629,True,10.0,3.812296275816962,-14.743192377184311,,,
MHK,2022-05-07,139.3800048828125,-2.7111093853003587,True,98.0,-6.091265027793813,-45.07103251792562,,,
MHK,2024-03-30,122.36000061035156,-5.829402886458035,True,16.0,31.341946642873133,-11.057534089414055,,,
MHK,2024-10-19,130.8800048828125,-2.5638375641011235,True,2.0,11.50672142171616,0.0,,,
MHK,2024-11-30,130.9199981689453,-2.3507950385565524,True,33.0,-7.653526415526013,-23.97647405184142,,,
MHK,2025-07-26,116.68000030517578,-2.817768327443493,True,1.0,3.3681867457121095,0.0,,,
MHK,2025-10-04,117.54000091552734,-0.043497634101441474,True,1.0,8.35460236373622,0.0,,,
MHK,2025-10-25,113.63999938964844,-2.6852757655224213,True,4.0,1.9887382509404805,-5.878212197336796,,,
MHK,2025-11-29,110.69000244140625,-4.1740413660491305,True,5.0,7.254493271465545,-2.5386260059717336,,,
MHK,2026-02-28,107.37000274658203,-6.145841046412393,False,,,0.0,,,0.0
MKTX,2021-11-27,330.940673828125,-3.3664021913414333,True,1.0,10.53053485234221,0.0,,,
MKTX,2022-01-15,345.6353454589844,-0.8788565506414603,True,3.0,3.6809300269765144,-8.028436719452149,,,
MKTX,2022-02-26,349.8517150878906,-1.0170932610611083,True,54.0,6.906839454250502,-39.27499714103553,,,
MKTX,2023-03-18,370.38818359375,-0.7680831319698878,True,1.0,1.3731041256072496,0.0,,,
MKTX,2023-04-01,329.4141540527344,-11.87954609559677,False,,,-51.83648820950204,186.11000061035156,-43.50273103912892,152.0
NKTR,2015-08-15,154.0500030517578,-2.667404379228433,True,1.0,5.842258891079788,0.0,,,
NKTR,2016-02-13,171.3000030517578,-0.43114394404164536,True,3.0,12.697022540874258,-1.3134850904352735,,,
NKTR,2016-10-22,180.14999389648438,-5.883647245026147,True,2.0,19.983347887697334,0.0,,,
NKTR,2016-11-26,185.5500030517578,-3.9495587605188676,True,1.0,7.356504269459263,0.0,,,
NKTR,2016-12-10,193.5,-0.1509350267878795,True,3.0,6.589147286821695,-4.883719353096739,,,
NKTR,2017-01-07,193.9499969482422,-0.42740174884112747,True,4.0,2.784227502057912,-7.037893328828993,,,
NKTR,2019-04-13,475.20001220703125,-0.5563855817253716,True,1.0,1.830804180548462,0.0,,,
NKTR,2019-05-11,480.29998779296875,-0.7747156902379149,True,1.0,5.527799080850926,0.0,,,
NKTR,2019-05-25,469.79998779296875,-3.5375740127611244,True,1.0,5.363987412050841,0.0,,,
NKTR,2019-07-13,479.54998779296875,-3.8536745798694705,True,320.0,-91.62131136941613,-98.59243036767334,,,
NOV,2014-12-06,51.84962844848633,-6.713105788920403,True,1.0,8.968303501107888,0.0,,,
NOV,2014-12-27,55.16866683959961,-0.6823458830129026,True,176.0,-28.99210939463641,-56.10930889526339,,,
NOV,2018-10-20,32.45500946044922,-5.026001643263067,True,176.0,-39.92755662217383,-76.24313930628595,,,
NOV,2022-03-12,17.861047744750977,-6.077887438689233,True,3.0,5.380212344007851,0.0,,,
NOV,2022-04-16,17.57460594177246,-5.170852867767328,True,5.0,5.78337351607392,-7.150357249254002,,,
NOV,2022-06-11,15.254262924194336,-13.36878373817032,True,6.0,12.993341649966927,-13.782625771369428,,,
NOV,2022-07-30,16.01373863220215,-4.296357486798053,True,1.0,7.692288451943474,0.0,,,
NOV,2022-09-03,16.22675895690918,-0.4143502480633776,True,4.0,5.7740850861505155,-13.114142294529707,,,
NOV,2023-04-29,14.527586936950684,-5.65357241651443,True,9.0,12.124237992358712,-4.691504698364679,,,
NOV,2024-08-31,15.426459312438965,-5.020910753764351,True,70.0,13.089597031123311,-26.137026171478837,,,
NWL,2017-10-14,27.292531967163086,-0.31176820639902125,True,168.0,-33.1283129595356,-68.23508766804898,,,
NWL,2022-06-11,15.176080703735352,-2.025349158838319,True,1.0,10.60189122615498,0.0,,,
NWL,2022-08-27,14.681661605834961,-6.145917586948169,False,,,-79.15253314130359,4.239999771118164,-71.12043660349008,183.0
OGN,2025-03-03,15.292614936828613,-28.559891819877905,False,,,-58.47669001761033,6.349999904632568,-58.47669001761033,52.0
PCG,2017-12-09,52.441959381103516,-0.23701977483995273,True,247.0,-75.702166491057,-90.57493010468566,,,
PCG,2022-09-24,12.356729507446289,-0.06595068643153734,True,1.0,19.43999252911752,0.0,,,
PCG,2025-06-07,13.550756454467773,-11.827250912949394,True,16.0,16.77758699100387,-1.4367726703881534,,,
PCG,2025-11-15,15.621274948120117,-1.2592970371291368,True,1.0,2.8717295517351804,0.0,,,
PCG,2025-11-29,15.112860679626465,-4.674689601565141,True,4.0,7.321904743634788,0.0,,,
PCG,2026-01-03,15.850000381469727,-0.7518212580306605,True,4.0,3.470026648728375,-5.678236911948487,,,
PENN,2016-09-03,13.470000267028809,-3.24407971163464,True,4.0,6.533037097222172,-1.262064386962658,,,
PENN,2016-10-08,13.539999961853027,-3.19686826629888,True,8.0,7.311667458695292,-10.487445201584844,,,
PENN,2016-12-24,13.789999961853027,-2.3214884104577282,True,8.0,3.1182038170071147,-3.190714877450773,,,
PENN,2018-12-15,17.940000534057617,-12.582256166872785,True,2.0,18.06019885544201,0.0,,,
PENN,2019-03-16,20.190000534057617,-3.8230204344645746,True,2.0,5.844478821014842,-0.4457659742805542,,,
PENN,2019-04-27,20.0,-5.17799281007294,True,2.0,6.0000038146972745,0.0,,,
PENN,2019-05-18,21.110000610351562,-0.0563368092708294,True,23.0,1.610611761049241,-17.24301843559468,,,
PENN,2020-03-07,15.470000267028809,-30.972474830131148,True,10.0,96.38008168309766,-48.99806250616853,,,
PENN,2022-01-08,44.45000076293945,-0.7521162091244871,True,4.0,9.583798084172379,-7.941513011035328,,,
PENN,2022-03-05,42.66999816894531,-6.192672692920564,False,,,-72.43965143302815,14.640000343322754,-65.69017817774933,208.0
PRGO,2016-02-06,109.21983337402344,-1.7408620973603184,False,,,-90.40024048486195,10.484841346740723,-90.40024048486195,525.0
PVH,2015-02-28,101.06439971923828,-0.4811379386031156,True,3.0,1.1486774115208709,-5.285688608185291,,,
PVH,2015-04-11,102.05803680419922,-0.6381408236900699,True,3.0,2.2363541587316904,0.0,,,
PVH,2015-05-09,103.20906066894531,-0.21325162401001352,True,1.0,1.1724581155660108,0.0,,,
PVH,2015-05-23,102.98052978515625,-0.7429920212285168,True,1.0,9.355872899593587,0.0,,,
PVH,2015-09-19,103.22208404541016,-4.315605838101922,True,54.0,8.916077984999472,-34.782484972680116,,,
PVH,2016-10-08,108.8160171508789,-0.5813086177143822,True,4.0,1.5769207766842541,-5.45586179030344,,,
PVH,2016-11-12,104.9008560180664,-4.035850604546254,True,31.0,3.98407513255874,-17.644747306551157,,,
PVH,2018-11-17,108.87061309814453,-2.842002702710722,True,13.0,6.846829712550662,-19.406135534761336,,,
PVH,2019-03-02,109.10143280029297,-2.658464152764095,True,3.0,10.582173898540725,-2.7838183156630003,,,
PVH,2019-05-11,107.54823303222656,-4.4744077036716785,True,94.0,-3.742096831837438,-71.42415647162763,,,
PVH,2021-03-20,101.05433654785156,-2.4174109870195415,True,2.0,8.439673444217654,-0.9028497000542202,,,
PVH,2021-06-12,100.86592102050781,-2.3977478685352382,True,1.0,9.0453242332591,0.0,,,
PVH,2021-07-10,97.18671417236328,-5.596132930940434,True,2.0,6.7550881554963915,0.0,,,
PVH,2021-11-27,98.2295150756836,-2.2895715938608063,True,1.0,2.69643690837047,0.0,,,
PVH,2021-12-11,96.95974731445312,-3.1128395353980376,True,2.0,9.11600140627986,0.0,,,
PVH,2022-01-15,95.43203735351562,-3.667894130301208,True,4.0,4.0852404946792875,-3.2848227296899957,,,
PVH,2022-02-26,78.52806854248047,-19.239807099083805,True,45.0,9.123709502273968,-43.307438934924704,,,
PVH,2023-02-04,79.7465591430664,-3.0977656611486992,True,1.0,3.0423894056000433,0.0,,,
PVH,2023-02-18,79.0704116821289,-3.3369924858832833,True,1.0,4.6654561204996225,0.0,,,
PVH,2023-03-04,74.56600952148438,-8.358443486589916,True,3.0,18.95202299766021,-2.994592734078505,,,
PVH,2023-05-27,77.23751068115234,-4.4877685255179545,True,1.0,6.040701622681488,0.0,,,
PVH,2023-06-17,80.4706039428711,-0.6993431186271826,True,1.0,5.095870155449056,0.0,,,
PVH,2023-08-19,77.6937026977539,-4.055258656127281,True,1.0,6.96899062588594,0.0,,,
PVH,2023-09-02,79.36581420898438,-1.8465233218348809,True,10.0,6.456776916927587,-11.936349594468176,,,
PVH,2025-01-18,90.07638549804688,-2.4749312943055823,True,32.0,-2.715336613110819,-30.49511658501103,,,
PVH,2025-09-06,80.9662094116211,-6.514158338912335,True,2.0,7.06969948276559,0.0,,,
PVH,2025-09-27,83.43364715576172,-3.291786207197056,False,,,-26.510493273706626,64.8729476928711,-22.246060307347925,22.0
QRVO,2018-11-08,62.880001068115234,-3.5919197462008,True,2.0,6.583962316518566,0.0,,,
QRVO,2018-11-29,64.16000366210938,-1.4941631299098979,True,8.0,2.1352790507968233,-7.04489403751436,,,
QRVO,2019-05-16,60.20000076293945,-6.191587645930285,True,4.0,8.953480908042422,0.0,,,
QRVO,2022-03-31,115.08000183105469,-1.7577810523351056,True,4.0,3.701767847631676,-4.179705519165444,,,
QRVO,2022-05-05,100.87999725341797,-14.467631406062386,False,,,-43.67565301167862,78.12000274658203,-22.561454328414744,200.0
SEDG,2022-10-10,193.38999938964844,-0.3122750278437447,True,1.0,4.793424841883076,0.0,,,
SEDG,2023-07-24,236.7899932861328,-2.016771347550317,False,,,-95.50656672789987,37.439998626708984,-84.18852160637246,136.0
SEE,2018-02-03,35.92585372924805,-3.866357704084944,True,4.0,7.583374240144702,0.0,,,
SEE,2018-03-17,35.59457778930664,-5.530445416826602,True,3.0,6.760683985101124,0.0,,,
SEE,2018-05-26,38.05295944213867,-0.4066559279692794,True,2.0,2.7326847014467193,-0.006826824709493806,,,
SEE,2018-06-16,37.83317184448242,-1.353756002514106,True,36.0,1.9491236863563355,-27.751037812146496,,,
SEE,2019-05-04,38.14571762084961,-0.18946444604228674,True,4.0,3.2733976947841636,-3.918838929800794,,,
SEE,2019-06-15,36.8022575378418,-3.1955699951676464,True,2.0,6.3069558707025575,0.0,,,
SEE,2019-08-10,37.40238952636719,-1.321236654339586,True,51.0,-2.0307579584391777,-42.55523206360306,,,
SEE,2020-08-29,35.75306701660156,-0.6680075464467139,True,4.0,1.831911222378091,-4.477344882641166,,,
SEE,2020-10-24,35.722293853759766,-0.37059338813838494,True,1.0,6.4915314780415345,0.0,,,
SEE,2022-09-17,42.09630584716797,-1.8003097606010598,True,4.0,3.215845450062327,-3.0396471539408054,,,
SEE,2022-10-29,40.2974739074707,-6.7638712209038605,True,1.0,16.244822738459796,0.0,,,
SEE,2023-03-04,42.13406753540039,-4.415477717129912,True,7.0,6.455994023825573,-5.056978180462757,,,
SEE,2023-04-29,39.76034927368164,-10.185314034809313,True,132.0,7.820981744397004,-39.92220235045074,,,
SLG,2016-01-30,51.81038284301758,-8.422856598166927,True,8.0,10.153881880439686,-7.680929327309871,,,
SLG,2016-10-22,57.80292892456055,-3.9090953819291507,True,2.0,8.03669790402246,0.0,,,
SLG,2017-05-20,62.355411529541016,-0.4588864688347072,True,1.0,1.443396549035536,0.0,,,
SLG,2017-07-15,62.870277404785156,-0.5536324733920184,True,1.0,1.2950193877022231,0.0,,,
SLG,2017-07-29,63.27737045288086,-0.12442117237819739,True,9.0,3.152326022109153,-6.959712458259193,,,
SLG,2017-10-14,60.541847229003906,-5.18198329961681,True,37.0,8.074360005449034,-4.5908172062171015,,,
SLG,2018-07-14,63.26427459716797,-1.801582538431279,True,2.0,5.115304488870542,0.0,,,
SLG,2018-09-01,64.28356170654297,-0.40563200316274806,True,68.0,-3.702033344113742,-20.83994053959428,,,
SLG,2019-12-28,59.76778030395508,-2.145073462910252,True,1.0,3.0506712348570497,0.0,,,
SLG,2020-02-22,53.03188705444336,-13.353426629781007,True,54.0,6.118202781169968,-52.47490089728875,,,
SLG,2021-03-13,53.5263671875,-0.5572300225046289,True,6.0,0.49421249840360115,-3.32131381018409,,,
SLG,2021-05-01,53.21533966064453,-0.38629437769253094,True,2.0,4.786079393655185,-0.8913782729019104,,,
SLG,2021-08-14,52.03453826904297,-1.8049750525555908,True,5.0,4.376182412692975,-4.201893150580083,,,
SLG,2021-10-23,52.16934585571289,-0.6929296630294401,True,1.0,8.516935764503941,0.0,,,
SLG,2021-11-27,52.30550765991211,-0.142586943084555,True,1.0,8.05406381105016,0.0,,,
SLG,2022-05-07,49.587608337402344,-4.54923218525547,True,83.0,-14.978851603042486,-65.85617813056818,,,
SLG,2023-12-30,40.027618408203125,-0.45565144839779803,True,1.0,2.5068045363575653,0.0,,,
SLG,2025-11-15,43.69017791748047,-4.152326165183973,True,1.0,7.284322050990832,0.0,,,
SLG,2025-11-29,42.59000015258789,-6.35383970360226,True,3.0,7.983098177266168,0.0,,,
SLG,2026-01-24,44.779998779296875,-0.21678247944885154,False,,,-17.70879973503272,38.75,-13.465830602221285,5.0
TFX,2020-03-14,234.74403381347656,-3.420705534418922,True,1.0,15.858721147724108,0.0,,,
TFX,2021-11-13,308.94476318359375,-3.403239113271983,True,14.0,7.583956618964471,-5.953028902448976,,,
TFX,2022-04-09,326.506103515625,-0.036598831156875455,False,,,-68.5451107734664,112.98231506347656,-65.39656874804187,203.0
TRIP,2016-01-25,59.368038177490234,-4.69181116782782,True,145.0,-5.182749442185697,-54.179149552061865,,,
TRIP,2018-12-17,46.66918182373047,-8.60398833632301,True,4.0,12.500002043477675,0.0,,,
TRIP,2019-02-18,48.85679626464844,-2.216681762326911,True,10.0,0.2548347392265615,-7.6264983779836815,,,
TRIP,2019-05-06,42.21391296386719,-12.889247156249938,True,87.0,-15.549166085614075,-62.903226097954445,,,
TRIP,2021-01-11,33.43000030517578,-5.171595501029513,True,3.0,7.388576721971218,-7.358662786013859,,,
TRIP,2021-07-12,35.279998779296875,-2.8621932478710477,True,2.0,7.5680330953112,0.0,,,
TRIP,2021-08-09,34.95000076293945,-3.755689036672072,True,6.0,4.778249306123494,-6.552219930008219,,,
TRIP,2021-10-04,36.029998779296875,-1.2291880504327946,True,1.0,5.079106003484579,0.0,,,
TRIP,2021-10-18,34.040000915527344,-6.812279401697452,True,121.0,-21.41598331215676,-57.961221989599906,,,
TRIP,2024-04-15,25.040000915527344,-3.661364770076714,True,1.0,9.62459967770075,0.0,,,
TRIP,2024-04-29,25.790000915527344,-1.0823755576106486,False,,,-64.17216191118841,9.239999771118164,-64.17216191118841,96.0
UNM,2016-01-09,20.374065399169922,-2.2638087501747783,True,7.0,10.16280096065505,-10.948776984721231,,,
UNM,2018-05-05,28.61922836303711,-0.6681408841980208,True,1.0,1.791803084869703,0.0,,,
UNM,2018-06-16,28.649391174316406,-1.090720228167641,True,5.0,2.1321082369119893,-2.6322969119868755,,,
UNM,2018-07-28,27.666072845458984,-4.839663748512423,True,7.0,11.169032174444805,-3.4577410946164067,,,
UNM,2018-10-06,28.334190368652344,-3.365822944113639,True,134.0,-9.207173262886537,-70.21289607813412,,,
UNM,2021-06-12,23.263898849487305,-8.439543934135319,True,16.0,5.91878335814684,-9.22849527624987,,,
UNM,2021-10-09,23.90996742248535,-0.7579010075846715,True,1.0,1.3828336315081957,0.0,,,
UNM,2021-10-23,22.161094665527344,-7.332729750739874,True,10.0,10.731714370404655,-7.849307277621542,,,
UNM,2022-01-15,22.612464904785156,-1.2225938850368379,True,2.0,6.823489698066143,-2.7626464264012385,,,
VFC,2016-09-10,39.90506362915039,-3.2941507662927583,True,45.0,12.728488339357536,-11.09295562617002,,,
VFC,2020-03-07,48.764122009277344,-12.331455263351899,True,12.0,15.520257725321528,-17.33815621757957,,,
VFC,2020-06-06,50.51034927368164,-9.468400635899155,True,11.0,11.710186213487894,-6.047699623555191,,,
VFC,2020-10-24,56.205169677734375,-1.9191879635519493,True,1.0,4.181528138474078,0.0,,,
VFC,2021-09-04,60.401100158691406,-4.726314653819541,True,9.0,8.85333425625432,-3.5505532283940155,,,
VFC,2021-11-20,63.416996002197266,-0.5225971065988988,True,1.0,0.7163753726829647,0.0,,,
VFC,2021-12-11,61.24239730834961,-4.068569801630462,True,218.0,-65.51512872510943,-83.32546733351077,,,
VFC,2026-02-21,19.318796157836914,-4.048391818376995,False,,,-10.813603007637862,17.229738235473633,-10.813603007637862,1.0
VNO,2016-02-06,43.965553283691406,-2.110420952175285,True,1.0,4.794744712201138,0.0,,,
VNO,2017-08-12,51.65299606323242,-0.1854745047378037,True,1.0,1.068843500358141,0.0,,,
VNO,2017-09-02,51.645999908447266,-0.5157462571301563,True,1.0,1.637352036079709,0.0,,,
VNO,2017-10-14,52.06531524658203,-0.4199549988865181,True,3.0,2.319247161432547,-2.1207873915365716,,,
VNO,2018-01-06,50.672943115234375,-4.184882643286169,True,24.0,4.63521657670114,-8.616168137451808,,,
VNO,2018-07-14,51.78084182739258,-2.2628304294229906,True,4.0,7.45487875125137,-2.562693766047641,,,
VNO,2018-09-22,52.82606506347656,-0.6149825973432943,True,67.0,-1.5362106222138627,-16.185183227426613,,,
VNO,2020-02-15,50.48000717163086,-2.7584580200035402,True,199.0,-41.6527362476518,-75.87256842366651,,,
VNO,2023-12-16,28.06595802307129,-3.09703426599951,True,31.0,0.5485079660433545,-19.643464045513838,,,
VNO,2024-07-27,27.41169548034668,-2.7001267402684714,True,1.0,8.775007526985634,0.0,,,
VNO,2026-02-21,27.579999923706055,-3.146922669002783,False,,,-2.3205199108732866,26.940000534057617,-2.3205199108732866,1.0
VNT,2025-03-31,28.824262619018555,-6.2806042039952,True,3.0,8.304500696952765,0.0,,,
WHR,2016-01-09,85.250244140625,-3.502835636736268,True,2.0,4.469836905938118,0.0,,,
WHR,2016-02-06,87.60279846191406,-1.798400517952914,True,1.0,8.109569585258104,0.0,,,
WHR,2017-10-21,111.48939514160156,-0.5187845675110325,True,1.0,1.517873847492579,0.0,,,
WHR,2017-11-04,111.93146514892578,-0.2360458156334233,True,1.0,2.0672232673243363,0.0,,,
WHR,2018-02-24,110.33418273925781,-3.3633712471367705,True,1.0,4.1151116028921075,0.0,,,
WHR,2018-03-10,111.90571594238281,-2.141840640104542,True,70.0,-3.1470565335847356,-33.96407727288779,,,
WHR,2019-07-27,99.16122436523438,-8.445661084935507,True,6.0,11.506925305795225,-2.8101615263524726,,,
WHR,2019-11-09,106.51356506347656,-2.2829110397920904,True,3.0,3.046441122256338,-0.07489463822867304,,,
WHR,2019-12-21,108.53121948242188,-0.8786484779439663,True,2.0,2.5767493141143794,0.0,,,
WHR,2020-01-25,108.7171401977539,-0.6108600233493577,True,1.0,2.0798015519264856,0.0,,,
WHR,2020-02-22,95.09869384765625,-12.828693996437558,True,20.0,13.796164487833561,-41.25889626897427,,,
WHR,2022-06-11,121.54391479492188,-4.361666436526546,True,1.0,9.98346369130283,0.0,,,
WHR,2022-06-25,126.63870239257812,-0.6752190263894176,True,1.0,2.04328171430348,0.0,,,
WHR,2022-08-20,128.03700256347656,-1.1703886180412404,True,2.0,1.6287386785393432,-2.5072002457861897,,,
WHR,2022-09-10,117.81756591796875,-9.493242440548567,False,,,-50.12628391725116,58.7599983215332,-50.12628391725116,181.0
WU,2018-09-29,11.54206657409668,-0.5952619268435155,True,5.0,3.5773239335839424,-3.026952422485696,,,
WU,2018-12-01,11.529363632202148,-1.3893050863419742,True,6.0,1.6387394790185805,-6.32095153660881,,,
WU,2019-01-19,11.699047088623047,-0.06025604002650731,True,1.0,1.3713567896544765,0.0,,,
WU,2019-02-02,11.557862281799316,-1.267842624633364,True,5.0,1.8878240214758257,-1.1660329802958058,,,
WU,2020-03-14,12.229999542236328,-4.332771898669286,True,1.0,8.561570557398102,0.0,,,
WU,2020-03-28,11.918431282043457,-6.863533720070725,True,1.0,13.939096519502758,0.0,,,
WU,2020-04-18,12.443058967590332,-2.9983218808482537,True,2.0,7.729753141082352,0.0,,,
WU,2020-05-09,12.490142822265625,-2.77177630720693,True,2.0,7.808273797452592,0.0,,,
WU,2021-10-16,13.97658634185791,-1.981886573685554,True,224.0,-26.44842251513133,-46.27492739421677,,,
WU,2026-02-07,9.600000381469727,-3.953146029642207,False,,,-3.437499068677463,9.739999771118164,1.4583269175558522,3.0
XRAY,2017-08-12,46.04253387451172,-2.875152033308659,True,1.0,3.6897211165677124,0.0,,,
XRAY,2018-03-10,49.21223831176758,-0.5456632176182752,True,59.0,-1.2664978540300131,-38.68385210003835,,,
XRAY,2019-05-11,48.04172134399414,-0.02834743135692319,True,3.0,2.7742273231956327,-1.2492924125102611,,,
XRAY,2019-07-27,46.66548156738281,-3.2826805050030217,True,11.0,4.192804818673568,-3.9780101096404508,,,
XRAY,2019-10-19,47.01020431518555,-1.9260759661105853,True,1.0,4.464921045198156,0.0,,,
XRAY,2020-02-22,43.685672760009766,-8.703988767473936,True,37.0,5.094884821668155,-33.346878349051345,,,
XRAY,2020-11-14,44.159339904785156,-2.4393308730124907,True,1.0,4.574871722840124,0.0,,,
XRAY,2021-11-20,44.827415466308594,-0.630938690833216,True,1.0,1.8678287343001587,0.0,,,
XRAY,2022-03-05,43.9944953918457,-2.778558640706985,False,,,-76.42890860081681,12.739999771118164,-71.04183226186179,208.0
XRX,2015-10-24,13.052574157714844,-4.430698515376241,True,2.0,7.348244445522556,0.0,,,
XRX,2016-01-02,13.418785095214844,-3.109119237499647,True,8.0,9.489044402888979,-8.550563813268731,,,
XRX,2016-04-23,13.531696319580078,-4.6451626522515665,True,13.0,8.23389958370604,-5.937495859472108,,,
XRX,2016-07-30,14.219304084777832,-1.828216508228342,True,22.0,8.152892608266615,-11.271620610058164,,,
XRX,2018-06-23,15.768034934997559,-5.842793259838219,True,2.0,6.376703060599498,0.0,,,
XRX,2018-07-14,16.654027938842773,-0.37724959761894494,True,1.0,1.9928518639451331,0.0,,,
XRX,2018-12-08,16.380327224731445,-1.7282027765144203,True,6.0,1.6594998910690384,-20.94067437516658,,,
XRX,2020-03-07,16.75362777709961,-11.712070977579693,True,50.0,12.249938124208338,-37.0547305323504,,,
XRX,2021-03-13,18.296669006347656,-2.1138761531465544,True,12.0,2.998116072139667,-4.420027095536161,,,
XRX,2021-06-12,17.473033905029297,-6.299515232579289,True,29.0,4.570128574675292,-22.302994836098023,,,
XRX,2022-01-15,16.721961975097656,-7.678723369662965,True,99.0,-5.543419940222128,-37.98275238265136,,,
XRX,2023-12-30,14.282248497009277,-0.38645486413504404,True,3.0,16.727932375638055,-1.5931265597014632,,,
XRX,2024-03-09,14.387266159057617,-0.623774369018748,True,1.0,3.5279728906171037,0.0,,,
XRX,2024-04-20,12.427760124206543,-14.66638643163687,False,,,-85.99908598052511,1.7400000095367432,-85.99908598052511,97.0
ZION,2015-01-24,17.930126190185547,-0.3460600218525345,True,1.0,8.88982027647318,0.0,,,
ZION,2016-01-02,18.549392700195312,-6.342840727209243,True,15.0,11.212214752071525,-14.674777670930773,,,
ZION,2016-04-30,19.6536865234375,-2.15384804481753,True,2.0,4.5402298404377595,-0.4232161046688554,,,
ZION,2016-06-11,20.183815002441406,-0.5096072310020405,True,6.0,4.6939406917245075,-7.097265465976044,,,
ZION,2019-08-10,31.941133499145508,-0.9274326468962646,True,2.0,3.0636580991694196,0.0,,,
ZION,2020-02-22,32.46084976196289,-6.7184365629901155,True,40.0,13.51223003879114,-38.222788940769966,,,
ZION,2020-12-05,34.88833999633789,-0.7382966669680191,True,2.0,3.9827050081846505,-1.43952903249579,,,
ZION,2022-12-10,40.6360969543457,-1.200423325847677,True,1.0,5.166059939494061,0.0,,,
ZION,2023-03-04,35.869667053222656,-13.581551995949814,True,40.0,13.201516789609457,-44.411400680079524,,,
ZION,2024-01-06,39.00267028808594,-2.90325372116379,True,2.0,4.535716619087271,-1.1636181823801217,,,
ZION,2024-01-27,36.72419357299805,-9.172404644245525,True,14.0,12.95526645972842,-1.189619599072489,,,
ZION,2024-05-18,40.705291748046875,-1.7682829505290876,True,7.0,9.6078045119659,-5.430485571260524,,,
ZION,2025-03-29,40.05036926269531,-8.928142733654454,True,4.0,12.611739596402094,0.0,,,
